kode,nama
aruba,Aruba
afganistan,Afganistan
angola,Angola
kepulauan_aland,Kepulauan Aland
albania,Albania
andorra,Andorra
uni_emirat_arab,Uni Emirat Arab
argentina,Argentina
armenia,Armenia
samoa_amerika,Samoa Amerika
antartika,Antartika
wilayah_selatan_prancis,Wilayah Selatan Prancis
antigua_dan_barbuda,Antigua dan Barbuda
australia,Australia
austria,Austria
azerbaijan,Azerbaijan
burundi,Burundi
belgia,Belgia
benin,Benin
bonaire_sint_eustatius_dan_saba,"Bonaire, Sint Eustatius dan Saba"
burkina_faso,Burkina Faso
bangladesh,Bangladesh
bulgaria,Bulgaria
bahrain,Bahrain
bahama,Bahama
bosnia_dan_herzegovina,Bosnia dan Herzegovina
santo_barthelemy,Santo Barthelemy
belarus,Belarusia
belize,Belize
bermuda,Bermuda
negara_majemuk_bolivia,Negara Majemuk Bolivia
brasil,Brasil
barbados,Barbados
brunei_darussalam,Brunei Darussalam
bhutan,Bhutan
pulau_bouvet,Pulau Bouvet
botswana,Botswana
republik_afrika_tengah,Republik Afrika Tengah
kanada,Kanada
kepulauan_cocos_keeling,Kepulauan Cocos (Keeling)
swiss,Swiss
cile,Cile
cina,Tiongkok
pantai_gading,Pantai Gading
kamerun,Kamerun
republik_demokratik_kongo,Republik Demokratik Kongo
kongo,Kongo
kepulauan_cook,Kepulauan Cook
kolombia,Kolombia
komoro,Komoro
cabo_verde,Cabo Verde
kosta_rika,Kosta Rika
kuba,Kuba
curacao,Curacao
pulau_christmas,Pulau Natal
siprus,Siprus
kepulauan_cayman,Kepulauan Cayman
republik_ceko,Republik Ceko
jerman,Jerman
djibouti,Djibouti
dominika,Dominika
denmark,Denmark
republik_dominika,Republik Dominika
aljazair,Aljazair
ekuador,Ekuador
mesir,Mesir
eritrea,Eritrea
sahara_barat,Sahara Barat
spanyol,Spanyol
estonia,Estonia
etiopia,Etiopia
finlandia,Finlandia
fiji,Fiji
kepulauan_falkland_malvinas,Kepulauan Falkland (Malvinas)
prancis,Prancis
kepulauan_faroe,Kepulauan Faroe
negara_federasi_mikronesia,Negara Federasi Mikronesia
gabon,Gabon
britania_raya,Britania Raya
georgia,Georgia
guernsey,Guernsey
ghana,Ghana
gibraltar,Gibraltar
guinea,Guinea
guadeloupe,Guadeloupe
gambia,Gambia
guinea_bissau,Guinea-Bissau
guinea_ekuator,Ekuator Guinea
yunani,Yunani
grenada,Granada
greenland,Greenland
georgia_selatan_dan_kepulauan_sandwich_selatan,Georgia Selatan dan Kepulauan Sandwich Selatan
guatemala,Guatemala
guyana_prancis,Guyana Prancis
guam,Guam
guyana,Guyana
hongkong,Hongkong
pulau_heard_dan_kepulauan_mcdonald,Pulau Heard dan Kepulauan McDonald
honduras,Honduras
kroasia,Kroasia
haiti,Haiti
hongaria,Hongaria
indonesia,Indonesia
pulau_man,Pulau Man
india,India
wilayah_samudra_hindia_britania,Wilayah Samudra Hindia Britania
republik_irlandia,REPUBLIK IRLANDIA
irlandia,Irlandia
republik_islam_iran,Republik Islam Iran
irak,Irak
islandia,Islandia
israel,Israel
italia,Italia
jamaika,Jamaika
jersey,Jersey
yordania,Yordania
jepang,Jepang
kazakhstan,Kazakstan
kenya,Kenya
kyrgyzstan,Kirgistan
kamboja,Kamboja
kiribati,Kiribati
saint_kitts_dan_nevis,Saint Kitts dan Nevis
korea_republik,Korea (Republik)
kosovo,Kosovo
kuwait,Kuwait
republik_demokratik_rakyat_laos,Republik Demokratik Rakyat Laos
libanon,Libanon
liberia,Liberia
libya,Libya
santa_lucia,Santa Lucia
liechtenstein,Liechtenstein
tanpa_kewarganegaraan,Tanpa kewarganegaraan
sri_lanka,Sri Lanka
lesotho,Lesoto
lithuania,Lithuania
luksemburg,Luksemburg
latvia,Latvia
makao,Makao
santo_martin_bagian_prancis,Santo Martin (bagian Prancis)
maroko,Maroko
monako,Monako
republik_moldova,Republik Moldova
madagaskar,Madagaskar
maladewa,Maladewa
meksiko,Meksiko
kepulauan_marshall,Kepulauan Marshall
republik_makedonia_bekas_yugoslavia,Republik Makedonia Bekas Yugoslavia
mali,Mali
malta,Malta
myanmar,Myanmar
montenegro,Montenegro
mongolia,Mongolia
kepulauan_mariana_utara,Kepulauan Mariana Utara
mozambik,Mozambik
mauritania,Mauritania
montserrat,Montserrat
martinik,Martinik
mauritius,Mauritius
malawi,Malawi
malaysia,Malaysia
namibia,Namibia
kaledonia_baru,Kaledonia Baru
niger,Niger
pulau_norfolk,Pulau Norfolk
nigeria,Nigeria
nikaragua,Nikaragua
niue,Niue
belanda,Belanda
norwegia,Norwegia
nepal,Nepal
nauru,Nauru
selandia_baru,Selandia Baru
oman,Oman
pakistan,Pakistan
panama,Panama
pitcairn,Pitcairn
peru,Peru
filipina,Filipina
palau,Palau
papua_nugini,Papua Nugini
polandia,Polandia
puerto_riko,Puerto Riko
republik_rakyat_demokratik_korea,Republik Rakyat Demokratik Korea
portugal,Portugal
paraguay,Paraguay
negara_palestina,Negara Palestina
polinesia,Polinesia
qatar,Qatar
reuni,Reuni
republik_irlandia_2,Republik Irlandia
rumania,Rumania
federasi_rusia,Federasi Rusia
rwanda,Rwanda
arab_saudi,Arab Saudi
pulau_solomon,Pulau Solomon
sudan,Sudan
senegal,Senegal
singapura,Singapura
saint_helena_ascension_dan_tristan_da_cunha,"Saint Helena, Ascension dan Tristan da Cunha"
svalbard_dan_jan_mayen,Svalbard dan Jan Mayen
sierra_leone,Sierra Leone
el_salvador,El Salvador
san_marino,San Marino
somalia,Somalia
saint_pierre_dan_miquelon,Saint Pierre dan Miquelon
serbia,Serbia
sudan_selatan,Sudan Selatan
sao_tome_dan_principe,Sao Tome dan Principe
suriname,Suriname
slovakia,Slowakia
slovenia,Slovenia
swedia,Swedia
swaziland,Swaziland
sint_maarten_bagian_belanda,Sint Maarten (bagian Belanda)
seychelles,Seychelles
republik_arab_suriah,Republik Arab Suriah
kepulauan_turks_dan_caicos,Kepulauan Turks dan Caicos
chad,Chad
togo,Togo
thailand,Thailand
tajikistan,Tajikistan
tokelau,Tokelau
turkmenistan,Turkmenistan
timor_leste,Timor Leste
tonga,Tonga
trinidad_dan_tobago,Trinidad dan Tobago
tunisia,Tunisia
turki,Turki
tuvalu,Tuvalu
taiwan_province_of_china,TAIWAN - PROVINCE OF CHINA
taiwan,Taiwan
tanzania_republik_bersatu,"Tanzania, Republik Bersatu"
uganda,Uganda
ukraina,Ukraina
kepulauan_terpencil_kecil_amerika_serikat,Kepulauan Terpencil Kecil Amerika Serikat
uruguay,Uruguay
amerika_serikat,Amerika Serikat
uzbekistan,Uzbekistan
tahta_suci_negara_kota_vatikan,Tahta Suci (Negara Kota Vatikan)
saint_vincent_dan_grenadines,Saint Vincent dan Grenadines
venezuela_republik_bolivarian,Venezuela (Republik Bolivarian)
kepulauan_virgin_inggris,Kepulauan Virgin (Inggris)
kepulauan_virgin_amerika_serikat,Kepulauan Virgin (Amerika Serikat)
vietnam,Vietnam
vanuatu,Vanuatu
wallis_dan_futuna,Wallis dan Futuna
samoa,Samoa
yaman,Yaman
mayotte,Mayotte
afrika_selatan,Afrika Selatan
zambia,Zambia
zimbabwe,Zimbabwe
belanda_kerajaan,Belanda - Kerajaan
rumania_new_code,Rumania (New Code)
united_nations_agency,United Nations Agency
pengungsi_konvensi_pasal_1_1951,"Pengungsi (Konvensi Pasal 1, 1951)"
eswatini,Eswatini
palestine_legacy,Palestine
timor_leste_democratic_republic,Timor Leste Democratic Republic
perancis,Perancis
korea_sth_republic,"Korea (Sth), Republic"
korea_nth_democratic_peoples,Korea (Nth) - Democratic Peoples
slovak_republic,Slovak Republic
